--Create User
INSERT INTO "OAS"."USERS" (ID,USERNAME,PASSWORD,ENABLED) VALUES (1,'admin' ,'12345' ,1 );
INSERT INTO "OAS"."USERS" (ID,USERNAME,PASSWORD,ENABLED) VALUES (2,'trader' ,'12345' ,1 );
INSERT INTO "OAS"."USERS" (ID,USERNAME,PASSWORD,ENABLED) VALUES (3,'user' ,'12345' ,1 );

--PERMISSIONS
INSERT INTO "OAS"."PERMISSIONS" (ID,PERMISSIONNAME) VALUES (1 ,'CTRL_STRATEGY_LIST_GET');
INSERT INTO "OAS"."PERMISSIONS" (ID,PERMISSIONNAME) VALUES (2 ,'CTRL_STRATEGY_ADD_POST');
INSERT INTO "OAS"."PERMISSIONS" (ID,PERMISSIONNAME) VALUES (3 ,'CTRL_STRATEGY_EDIT_GET');
INSERT INTO "OAS"."PERMISSIONS" (ID,PERMISSIONNAME) VALUES (4 ,'CTRL_STRATEGY_EDIT_POST');
INSERT INTO "OAS"."PERMISSIONS" (ID,PERMISSIONNAME) VALUES (5 ,'CTRL_STRATEGY_DELETE_GET');

-- Create roles

INSERT INTO "OAS"."ROLES" (ID,ROLENAME) VALUES (1 ,'ROLE_ADMIN');
INSERT INTO "OAS"."ROLES" (ID,ROLENAME) VALUES (2 ,'ROLE_TRADER');
INSERT INTO "OAS"."ROLES" (ID,ROLENAME) VALUES (3 ,'ROLE_USER' );

-- PERMISSIONS For Admin admin
INSERT INTO "OAS"."ROLE_PERMISSIONS" (ROLE_ID,PERMISSION_ID) VALUES (1,1);
INSERT INTO "OAS"."ROLE_PERMISSIONS" (ROLE_ID,PERMISSION_ID) VALUES (1,2);
INSERT INTO "OAS"."ROLE_PERMISSIONS" (ROLE_ID,PERMISSION_ID) VALUES (1,3);
INSERT INTO "OAS"."ROLE_PERMISSIONS" (ROLE_ID,PERMISSION_ID) VALUES (1,4);
INSERT INTO "OAS"."ROLE_PERMISSIONS" (ROLE_ID,PERMISSION_ID) VALUES (1,5);

-- PERMISSIONS For Admin user
INSERT INTO "OAS"."ROLE_PERMISSIONS" (ROLE_ID,PERMISSION_ID) VALUES (3,1);

-- PERMISSIONS For Admin trade
INSERT INTO "OAS"."ROLE_PERMISSIONS" (ROLE_ID,PERMISSION_ID) VALUES (2,1);
INSERT INTO "OAS"."ROLE_PERMISSIONS" (ROLE_ID,PERMISSION_ID) VALUES (2,2);

--Create UserRoles

INSERT INTO "OAS"."USER_ROLES" (USER_ID,ROLE_ID) VALUES (1 ,1 );
INSERT INTO "OAS"."USER_ROLES" (USER_ID,ROLE_ID) VALUES (2 ,2 );
INSERT INTO "OAS"."USER_ROLES" (USER_ID,ROLE_ID) VALUES (3 ,3 );
